,Human Score,LLM Score
0,3.5,4.0
1,4.0,4.5
2,4.5,5.0
3,3.5,4.0
4,4.0,2.0
5,4.25,4.0
6,4.5,4.0
7,3.5,4.0
8,3.5,5.0
9,2.75,3.0
10,4.0,4.0
11,4.5,4.5
12,4.5,4.0
13,5.0,5.0
14,4.5,4.5
15,5.0,5.0
16,3.75,3.0
17,3.5,3.0
18,3.5,4.0
19,4.25,5.0
20,3.5,4.0
21,3.75,3.0
22,3.5,4.0
23,4.5,5.0
24,3.5,4.0
25,3.5,4.0
26,4.0,5.0
27,3.5,3.0
28,4.0,3.0
29,3.5,4.0
30,4.5,5.0
31,5.0,5.0
32,4.25,4.0
33,3.5,4.0
34,4.25,4.0
35,4.25,5.0
36,3.5,4.0
37,4.5,5.0
38,4.5,5.0
39,4.0,4.0
40,4.5,4.0
41,1.0,1.0
42,3.75,4.0
43,1.0,1.0
44,4.0,5.0
45,4.0,4.5
46,3.75,4.0
47,3.5,3.0
48,3.25,3.5
49,3.5,4.0
0,5.0,5.0
1,0.5,3.5
2,4.25,4.0
3,4.5,5.0
4,4.5,5.0
5,4.0,5.0
6,4.25,5.0
7,3.0,4.5
8,3.0,4.0
9,4.0,4.5
10,4.0,4.5
11,4.5,4.0
12,4.75,5.0
13,5.0,4.0
14,4.5,5.0
15,4.0,4.5
16,0.5,3.0
17,5.0,2.5
18,5.0,4.5
19,4.0,1.5
20,4.0,4.5
21,4.0,5.0
22,4.0,4.0
23,5.0,5.0
24,5.0,2.0
25,4.25,5.0
26,4.5,4.5
27,5.0,5.0
28,5.0,5.0
29,5.0,5.0
30,4.25,5.0
31,5.0,5.0
32,4.25,5.0
33,5.0,5.0
34,3.5,5.0
35,4.0,3.0
36,5.0,5.0
37,5.0,5.0
38,5.0,5.0
39,4.5,3.0
40,5.0,5.0
41,5.0,5.0
42,4.5,5.0
43,5.0,4.0
44,4.0,5.0
45,4.5,3.0
46,5.0,5.0
47,4.5,4.0
48,4.5,4.0
49,4.5,5.0
